<?xml version="1.0" encoding="UTF-8"?>
<project-private xmlns="http://www.netbeans.org/ns/project-private/1">
    <editor-bookmarks xmlns="http://www.netbeans.org/ns/editor-bookmarks/2" lastBookmarkId="0"/>
    <open-files xmlns="http://www.netbeans.org/ns/projectui-open-files/2">
        <group>
            <file>file:/C:/Users/chu19/OneDrive/Documents/NetBeansProjects/Project2/src/java/Registration.java</file>
            <file>file:/C:/Users/chu19/OneDrive/Documents/NetBeansProjects/Project2/web/login.jsp</file>
            <file>file:/C:/Users/chu19/OneDrive/Documents/NetBeansProjects/Project2/web/Main/register.jsp</file>
            <file>file:/C:/Users/chu19/OneDrive/Documents/NetBeansProjects/Project2/web/Main/landing.jsp</file>
            <file>file:/C:/Users/chu19/OneDrive/Documents/NetBeansProjects/Project2/web/META-INF/search.jsp</file>
            <file>file:/C:/Users/chu19/OneDrive/Documents/NetBeansProjects/Project2/web/Main/schedule.jsp</file>
            <file>file:/C:/Users/chu19/OneDrive/Documents/NetBeansProjects/Project2/web/Main/logout.jsp</file>
            <file>file:/C:/Users/chu19/OneDrive/Documents/NetBeansProjects/Project2/src/java/P2/RegistrationDAO.java</file>
            <file>file:/C:/Users/chu19/OneDrive/Documents/NetBeansProjects/Project2/web/Main/schedulerep.jsp</file>
            <file>file:/C:/Users/chu19/OneDrive/Documents/NetBeansProjects/Project2/web/Main/dropclass.jsp</file>
            <file>file:/C:/Users/chu19/OneDrive/Documents/NetBeansProjects/Project2/web/Main/scripts/jquery-3.6.1.min.js</file>
            <file>file:/C:/Users/chu19/OneDrive/Documents/NetBeansProjects/Project2/src/java/P2/Factory.java</file>
            <file>file:/C:/Users/chu19/OneDrive/Documents/NetBeansProjects/Project2/src/java/Search.java</file>
            <file>file:/C:/Users/chu19/OneDrive/Documents/NetBeansProjects/Project2/web/Main/index.jsp</file>
            <file>file:/C:/Users/chu19/OneDrive/Documents/NetBeansProjects/Project2/src/java/P2/SearchDAO.java</file>
            <file>file:/C:/Users/chu19/OneDrive/Documents/NetBeansProjects/Project2/src/java/Report.java</file>
            <file>file:/C:/Users/chu19/OneDrive/Documents/NetBeansProjects/Project2/web/Main/results.jsp</file>
            <file>file:/C:/Users/chu19/OneDrive/Documents/NetBeansProjects/Project2/web/Main/section1.jsp</file>
            <file>file:/C:/Users/chu19/OneDrive/Documents/NetBeansProjects/Project2/web/Main/section2.jsp</file>
        </group>
    </open-files>
</project-private>
